번호,제목,저자,출판사,출판일
1,Agricultural Disaster Risk Management and Capability Assessment Using Big Data Analytics,"Wang, Caili; Gao, Yuwen; Aziz, Asad; Ogunmola, Gabriel A.",Mary Ann Leibert,2022
2,Big data ensemble clinical prediction for healthcare data by using deep learning model,"Rallapalli, Sreekanth; Gondkar, R.R.",Inderscience,2018
3,Big Data and Predictive Analytics in Health Care,unknown,Mary Ann Leibert,2014
4,Big Data As an Enabler of Primary Education,unknown,Mary Ann Leibert,2016
5,Correction to: Big Data 2016;4:60–66,unknown,Mary Ann Leibert,2016
6,Unsupervised Tensor Mining for Big Data Practitioners,unknown,Mary Ann Leibert,2016
7,A comparison on scalability for batch big data processing on Apache Spark and Apache Flink,"García-Gil, Diego; Ramírez-Gallego, Sergio; García, Salvador; Herrera, Francisco",Springer Nature,2017
8,Call for Special Issue Papers: Deep Learning Assisted Big Data Analytics for Biomedical Applications and Digital Healthcare,"Wang, Gai-Ge; Gao, Xiao-Zhi; Pei, Yan",Mary Ann Leibert,2022
9,Call for Special Issue Papers: Big Data in Business,"Nobanee, Haitham",Mary Ann Leibert,2019
10,Big data and analytics: a data management perspective in public administration,"Mittal, Prabhat",Inderscience,2020
11,Exploiting Reused-Based Sharing Work Opportunities in Big Data Multiquery Optimization with Flink,"Sahal, Radhya; Khafagy, Mohammed H.; Omara, Fatma A.",Mary Ann Leibert,2021
12,Using Big Data to Understand the Human Condition: The Kavli Human Project,unknown,Mary Ann Leibert,2015
13,Labor Economists Get Their Microscope: Big Data and Labor Market Analysis,unknown,Mary Ann Leibert,2015
14,Call for Special Issue Papers: Big Data Analytics for Agricultural Disaster Management,"Balamurugan, S.; Muthu, Bala Anand; Peng, Sheng-Lung; Wahab, Mohd Helmy Abd",Mary Ann Leibert,2020
15,The challenges of a Big Data Earth,"Boulton, Geoffrey",John Wiley & Sons Ltd,2018
16,Call for Special Issue Papers: Big Scientific Data and Machine Learning in Science and Engineering,"Anaraki, Farhad Pourkamali; Hariri-Ardebili, M. Amin; Becker, Stephen; Raissi, Maziar",Mary Ann Leibert,2021
17,Online Analytical Processing for Business Intelligence in Big Data,"Patel, Jigna Ashish; Sharma, Priyanka",Mary Ann Leibert,2020
18,Overcoming Resistance to Big Data and Operational Changes Through Interactive Data Visualization,"Phillips-Wren, Gloria; McKniff, Sueanne",Mary Ann Leibert,2020
19,SOOM: Sort-Based Optimizer for Big Data Multi-Query,"Sahal, Radhya; Khafagy, Mohammed H.; Omara, Fatma A.",Mary Ann Leibert,2020
20,Toward Business Process Innovation in the Big Data Era: A Mediating Role of Big Data Knowledge Management,"Saide, Saide; Sheng, Margaret L.",Mary Ann Leibert,2020
21,Big data in support of the Sustainable Development Goals: a celebration of the establishment of the International Research Center of Big Data for Sustainable Development Goals (CBAS),"Guo, Huadong; Hackmann, Heide; Gong, Ke",John Wiley & Sons Ltd,2021
22,Earth observation and geospatial big data management and engagement of stakeholders in Hungary to support the SDGs,"Mihály, Szabolcs; Remetey-Fülöpp, Gábor; Kristóf, Dániel; Czinkóczky, Anna; Palya, Tamás; Pásztor, László; Rudan, Pál; Szabó, György; Zentai, László",John Wiley & Sons Ltd,2021
23,"Comparative study of big data of global adakites and mineralization-related granite in the Geza arc metallogenic belt, northwest Yunnan, Southwest China","Xuelong, Liu; Wenchang, Li; Qi, Zhang; Na, Zhang; Changzhen, Zhang; Ying, Luo; Shuaishuai, Wang; Fucheng, Yang; Jianhang, Chen; Zhenhuan, Li",John Wiley & Sons Ltd,2018
24,"Deep Learning on Big, Sparse, Behavioral Data","De Cnudde, Sofie; Ramon, Yanou; Martens, David; Provost, Foster",Mary Ann Leibert,2019
25,"Big data analysis of swimming pools' impact on household electric intensity in San Antonio, Texas","Elnakat, Afamia; Gomez, Juan D.; Roberts, Jason; Wright, Martha",Inderscience,2015
26,An Ensemble-Based Scalable Approach for Intrusion Detection Using Big Data Framework,"Sahu, Santosh Kumar; Mohapatra, Durga Prasad; Rout, Jitendra Kumar; Sahoo, Kshira Sagar; Luhach, Ashish Kr.",Mary Ann Leibert,2021
27,"Interview with Dr. Silvio Carta, Author of the Book Big Data, Code and the Discrete City (Routledge 2019)","Carta, Silvio",Mary Ann Leibert,2019
28,Call for Special Issue Papers: Big Scientific Data and Machine Learning in Science and Engineering,"Anaraki, Farhad Pourkamali; Hariri-Ardebili, M. Amin; Becker, Stephen; Raissi, Maziar",Mary Ann Leibert,2021
29,Call for Special Issue Papers: Big Data Analytics and Intelligent Systems for Cybersecurity,"El-Latif, Ahmed A. Abd; Tawalbeh, Lo'ai; Maleh, Yassine; Saldamli, Gokay",Mary Ann Leibert,2021
30,Call for Papers: Special Issue on Computational Propaganda and Political Big Data,unknown,Mary Ann Leibert,2017
31,An Exercise in Exploring Big Data for Producing Reliable Statistical Information,unknown,Mary Ann Leibert,2016
32,Big data in support of the sustainable development goals (continued): a celebration of the establishment of the International Research Center of Big Data for Sustainable Development Goals (CBAS),"Guo, Huadong; Hackmann, Heide; Gong, Ke",John Wiley & Sons Ltd,2021
33,Internet of Things-Based Optimized Routing and Big Data Gathering System for Landslide Detection,"Menon, Varun G.; Verma, Sandeep; Kaur, Satnam; Sehdev, Paramjit S.",Mary Ann Leibert,2021
34,Intelligent big data analysis: a review,"Tsai, Chun-Wei; Yang, Ya-Lan; Chiang, Ming-Chao; Yang, Chu-Sing",Inderscience,2015
35,Clustering Big Spatiotemporal-Interval Data,"Shao, W.; Salim, F. D.; Song, A.; Bouguettaya, A.",unknown,2016
36,"Health big data analytics: current perspectives, challenges and potential solutions","Kuo, Mu-Hsing; Sahama, Tony; Kushniruk, Andre W.; Borycki, Elizabeth M.; Grunwell, Daniel K.",Inderscience,2014
37,Agile Big Data Analytics for Web-Based Systems: An Architecture-Centric Approach,"Chen, H.; Kazman, R.; Haziyev, S.",unknown,2016
38,"Health big data analytics: current perspectives, challenges and potential solutions","Kuo, Mu-Hsing; Sahama, Tony; Kushniruk, Andre W.; Borycki, Elizabeth M.; Grunwell, Daniel K.",Inderscience,2014
39,Leveraging Big Data analytics - case of Kenyan telecoms,"Moturi, Christopher A.; Karuga, Esther W.; Orwa, Daniel O.",Inderscience,2021
40,Analyzing Big Smart Metering Data Towards Differentiated User Services: A Sublinear Approach,"Pan, E.; Wang, D.; Han, Z.",unknown,2016
41,Improved big data stock index prediction using deep learning with CNN and GRU,"Eapen, Jithin; Verma, Abhishek; Bein, Doina",Inderscience,2021
42,A big data analytics framework for border crossing transportation,"Wang, Haibo; Huo, Da; Xu, Yaquan",Inderscience,2017
43,Scalable big data modelling,"Patel, Jayesh",Inderscience,2021
44,Intelligent big data analysis: a review,"Tsai, Chun-Wei; Yang, Ya-Lan; Chiang, Ming-Chao; Yang, Chu-Sing",Inderscience,2014
45,Guest Editorial: Big Data Analytics and the Web,"Sheng, Q. Z.; Vasilakos, A. V.; Yu, Q.; Yao, L.",unknown,2015
46,Guest Editorial: Big Scholar Data Discovery and Collaboration,"Lin, Y.; Tong, H.; Tang, J.; Candan, K. S.",unknown,2017
47,Guest Editorial: Big Data Analytics and the Web,"Sheng, M.; Vasilakos, A. V.; Yu, Q.; You, L.",unknown,2016
48,Speed Up Big Data Analytics by Unveiling the Storage Distribution of Sub-Datasets,"Wang, J.; Zhang, X.; Yin, J.; Wang, R.; Wu, H.; Han, D.",unknown,2018
49,Guest Editorial: Big Scholar Data Discovery and Collaboration,"Lin, Y.; Tong, H.; Tang, J.; Candan, K. S.",unknown,2016
50,Guest Editorial: Big Data Infrastructure I,"Chen, J.; Wang, H.",unknown,2018
51,Deduplication on Encrypted Big Data in Cloud,"Yan, Z.; Ding, W.; Yu, X.; Zhu, H.; Deng, R. H.",unknown,2016
52,Guest Editorial: Special Issue on Big Scholar Data Discovery and Collaboration (Continued),"Lin, Y.; Tong, H.; Tang, J.; Selcuk Candan, K.",unknown,2016
53,A Hierarchical Distributed Processing Framework for Big Image Data,"Dong, L.; Lin, Z.; Liang, Y.; He, L.; Zhang, N.; Chen, Q.; Cao, X.; Izquierdo, E.",unknown,2016
54,Thermal-Aware and DVFS-Enabled Big Data Task Scheduling for Data Centers,"Liu, H.; Liu, B.; Yang, L. T.; Lin, M.; Deng, Y.; Bilal, K.; Khan, S. U.",unknown,2018
55,Hybridisation of classifiers for anomaly detection in big data,"Alguliyev, Rasim M.; Aliguliyev, Ramiz M.; Abdullayeva, Fargana Jabbar",Inderscience,2019
56,Petuum: A New Platform for Distributed Machine Learning on Big Data,"Xing, E. P.; Ho, Q.; Dai, W.; Kim, J. K.; Wei, J.; Lee, S.; Zheng, X.; Xie, P.; Kumar, A.; Yu, Y.",unknown,2015
57,Online Similarity Learning for Big Data with Overfitting,"Cong, Y.; Liu, J.; Fan, B.; Zeng, P.; Yu, H.; Luo, J.",unknown,2018
58,A review on ethical concerns in big data management,"Nair, Suja R.",Inderscience,2020
59,AlgorithmSeer: A System for Extracting and Searching for Algorithms in Scholarly Big Data,"Tuarob, S.; Bhatia, S.; Mitra, P.; Giles, C. L.",unknown,2016
60,Resting-State fMRI Functional Connectivity: Big Data Preprocessing Pipelines and Topological Data Analysis,"Phinyomark, A.; Ibanez-Marcelo, E.; Petri, G.",unknown,2017
61,A survey and development on context-aware monitoring in healthcare with big data,"Reeja, S.R.; Baig, Murthuza Ali; Cherian, Rino; Jothimani, K.",Inderscience,2020
62,2017 Index IEEE Transactions on Big Data Vol. 3,unknown,unknown,2018
63,Optimized Deep Learning for EEG Big Data and Seizure Prediction BCI via Internet of Things,"Hosseini, M.; Pompili, D.; Elisevich, K.; Soltanian-Zadeh, H.",unknown,2017
64,Towards Max-Min Fair Resource Allocation for Stream Big Data Analytics in Shared Clouds,"Jiang, Y.; Huang, Z.; Tsang, D. H.",unknown,2018
65,Smart Monitoring Cameras Driven Intelligent Processing to Big Surveillance Video Data,"Shao, Z.; Cai, J.; Wang, Z.",unknown,2018
66,Structural Balance Theory-Based E-Commerce Recommendation over Big Rating Data,"Qi, L.; Xu, X.; Zhang, X.; Dou, W.; Hu, C.; Zhou, Y.; Yu, J.",unknown,2018
67,Towards quality-of-service driven consistency for Big Data management,"García-Recuero, Álvaro; Esteves, Sérgio; Veiga, Luís",Inderscience,2014
68,Parallel computing for preserving privacy using k-anonymisation algorithms from big data,"Yaji, Sharath; Neelima, B.",Inderscience,2018
69,Towards quality-of-service driven consistency for Big Data management,"García-Recuero, Álvaro; Esteves, Sérgio; Veiga, Luís",Inderscience,2014
70,HDM: A Composable Framework for Big Data Processing,"Wu, D.; Zhu, L.; Lu, Q.; Sakr, S.",unknown,2018
71,Distributed Feature Selection for Efficient Economic Big Data Analysis,"Zhao, L.; Chen, Z.; Hu, Y.; Min, G.; Jiang, Z.",unknown,2018
72,Toward Efficient and Flexible Metadata Indexing of Big Data Systems,"Zhao, D.; Qiao, K.; Zhou, Z.; Li, T.; Lu, Z.; Xu, X.",unknown,2017
73,An Extended Spatio-Temporal Granger Causality Model for Air Quality Estimation with Heterogeneous Urban Big Data,"Zhu, J. Y.; Sun, C.; Li, V. O.",unknown,2017
74,Current trends in predictive analytics of big data,"Wlodarczyk, Tomasz Wiktor; Hacker, Thomas J.",Inderscience,2014
75,An Enhanced Visualization Method to Aid Behavioral Trajectory Pattern Recognition Infrastructure for Big Longitudinal Data,"Fang, H.; Zhang, Z.",unknown,2018
76,Availability modelling and assurance for a big data computing,"Ke, Zuqiang; Park, Nohpill",Inderscience,2019
77,Kvasir: Scalable Provision of Semantically Relevant Web Content on Big Data Framework,"Wang, L.; Tasoulis, S.; Roos, T.; Kangasharju, J.",unknown,2016
78,Classification and comparison of NoSQL big data models,"Sharma, Sugam; Tim, Udoyara Sunday; Gadia, Shashi; Wong, Johnny; Shandilya, Ritu; Peddoju, Sateesh K.",Inderscience,2015
79,Fuzzy Based Scalable Clustering Algorithms for Handling Big Data Using Apache Spark,"Bharill, N.; Tiwari, A.; Malviya, A.",unknown,2016
80,Perceptions of independent financial advisors on the usefulness of big data in the context of decision making in the UK,"Grishikashvili, Ketty; Bechter, Clemens",Inderscience,2019
81,DiP-SVM : Distribution Preserving Kernel Support Vector Machine for Big Data,"Singh, D.; Roy, D.; Mohan, C. K.",unknown,2017
82,A concentric framework for leveraging big data for business value,"Chuang, Ta-Tao; Nakatani, Kazuo; Patil, Vivek H.",Inderscience,2020
83,Fast approaches for semantic service composition in big data environment,"Huang, Jun; Zhou, Yide; Duan, Qiang; Xing, Cong-Cong",Inderscience,2019
84,2016 Index IEEE Transactions on Big Data Vol. 2,unknown,unknown,2017
85,A platform for big data analytics on distributed scaleout storage system,"Aye, Kyar Nyo; Thein, Thandar",Inderscience,2015
86,Taxi-Passenger-Demand Modeling Based on Big Data from a Roving Sensor Network,"Zhang, D.; He, T.; Lin, S.; Munir, S.; Stankovic, J. A.",unknown,2017
87,Corporate governance fraud detection from annual reports using big data analytics,"Sadasivam, G. Sudha; Subrahmanyam, Mutyala; Himachalam, Dasaraju; Pinnamaneni, Bhanu Prasad; Lakshme, S. Maha",Inderscience,2016
88,A five-layer architecture for big data processing and analytics,"Zhu, Julie Yixuan; Tang, Bo; Li, Victor O.K.",Inderscience,2019
89,A platform for big data analytics on distributed scale-out storage system,"Aye, Kyar Nyo; Thein, Thandar",Inderscience,2015
90,Towards a real-time big data analytics platform for health applications,"Chrimes, Dillon; Kuo, Mu-Hsing; Moa, Belaid; Hu, Wei",Inderscience,2017
91,PaloPro: a platform for knowledge extraction from big social data and the news,"Makrynioti, Nantia; Grivas, Andreas; Sardianos, Christos; Tsirakis, Nikos; Varlamis, Iraklis; Vassalos, Vasilis; Poulopoulos, Vassilis; Tsantilas, Panagiotis",Inderscience,2017
92,Secure multi-owner-based cloud computing scheme for big data,"Al-Shablan, Maram; Tian, Yuan; Al-Rodhaan, Mznah",Inderscience,2016
93,NoSQL databases for big data,"Oussous, Ahmed; Benjelloun, Fatima-Zahra; Lahcen, Ayoub Ait; Belfkih, Samir",Inderscience,2017
94,A survey on big data processing infrastructure: evolving role of FPGA,"Nunna, Krishna Chaitanya; Mehdipour, Farhad; Trouvé, Antoine; Murakami, Kazuaki J.",Inderscience,2015
95,Large-scale spectral clustering for managing big data in healthcare operations,"Liu, Maoqing; Fard, Nasser; Sadeghzadeh, Keivan",Inderscience,2017
96,A reference architecture for big data solutions - introducing a model to perform predictive analytics using big data technology,"Geerdink, Bas",Inderscience,2015
97,Big Earth Data: a comprehensive analysis of visualization analytics issues,"Merritt, Patrick; Bi, Haixia; Davis, Bradley; Windmill, Christopher; Xue, Yong",John Wiley & Sons Ltd,2018
98,Big Earth data: A new frontier in Earth and information sciences,"Guo, Huadong",John Wiley & Sons Ltd,2017
99,GSio: A programmatic interface for delivering Big Earth data-as-a-service,"Larraondo, Pablo R.; Pringle, Sean; Guo, Jian; Antony, Joseph; Evans, Ben",John Wiley & Sons Ltd,2017
100,A view-based model of data-cube to support big earth data systems interoperability,"Nativi, Stefano; Mazzetti, Paolo; Craglia, Max",John Wiley & Sons Ltd,2017
1,Big earth data analytics on Sentinel-1 and Landsat imagery in support to global human settlements mapping,"Corbane, Christina; Pesaresi, Martino; Politis, Panagiotis; Syrris, Vasileios; Florczyk, Aneta J.; Soille, Pierre; Maffenini, Luca; Burger, Armin; Vasilev, Veselin; Rodriguez, Dario; Sabo, Filip; Dijkstra, Lewis; Kemper, Thomas",John Wiley & Sons Ltd,2017
2,Big spatial vector data management: a review,"Yao, Xiaochuang; Li, Guoqing",John Wiley & Sons Ltd,2018
3,Big earth data for achieving the sustainable development goals in the belt and road region,"Chen, Fang; Sun, Zhongchang",John Wiley & Sons Ltd,2022
4,Evaluating the role of partnerships in increasing the use of big Earth data to support the Sustainable Development Goals: an Australian perspective,"Mohamed-Ghouse, Zaffar Sadiq; Desha, Cheryl; Rajabifard, Abbas; Blicavs, Michelle; Martin, Graeme",John Wiley & Sons Ltd,2021
5,"Geospatial semantics, ontology and knowledge graphs for Big Earth data","Zhu, Yunqiang",John Wiley & Sons Ltd,2019
6,Innovative approaches to the Sustainable Development Goals using Big Earth Data,"Guo, Huadong; Liang, Dong; Chen, Fang; Shirazi, Zeeshan",John Wiley & Sons Ltd,2021
7,Efficient utilization of multi-core processors and many-core co-processors on supercomputer beacon for scalable geocomputation and geo-simulation over big earth data,"Lai, Chenggang; Shi, Xuan; Huang, Miaoqing",John Wiley & Sons Ltd,2018
8,Exploiting big earth data from space – first experiences with the timescan processing chain,"Esch, T.; Üreyen, S.; Zeidler, J.; Metz–Marconcini, A.; Hirner, A.; Asamer, H.; Tum, M.; Böttcher, M.; Kuchar, S.; Svaton, V.; Marconcini, M.",John Wiley & Sons Ltd,2018
9,Big Earth data analytics: a survey,"Yang, Chaowei; Yu, Manzhu; Li, Yun; Hu, Fei; Jiang, Yongyao; Liu, Qian; Sha, Dexuan; Xu, Mengchao; Gu, Juan",John Wiley & Sons Ltd,2019
10,The role of big Earth data in understanding climate change,"Jia, Gensuo",John Wiley & Sons Ltd,2020
11,Stewardship and analysis of big Earth observation data,"Wang, Lizhe; Yan, Jining",John Wiley & Sons Ltd,2020
12,Semantics all the way down: the Semantic Web and open science in big earth data,"Narock, Tom; Shepherd, Adam",John Wiley & Sons Ltd,2017
13,Analytics of big geosocial media and crowdsourced data,"Li, Songnian; Wachowicz, Monica; Fan, Hongchao",John Wiley & Sons Ltd,2021
14,"The visual analytics of big, open public transport data – a framework and pipeline for monitoring system performance in Greater Sydney","Lock, Oliver; Bednarz, Tomasz; Pettit, Christopher",John Wiley & Sons Ltd,2021
15,A generalized supervised classification scheme to produce provincial wetland inventory maps: an application of Google Earth Engine for big geo data processing,"Amani, Meisam; Brisco, Brian; Afshar, Majid; Mirmazloumi, S. Mohammad; Mahdavi, Sahel; Mirzadeh, Sayyed Mohammad Javad; Huang, Weimin; Granger, Jean",John Wiley & Sons Ltd,2019
16,Big Earth data facilitates sustainable development goals,"Guo, Huadong",John Wiley & Sons Ltd,2020
17,Impact of WeChat public platforms on blood donation behavior: a big data-based study,"Guo, Xinyu; Chen, Xu",Emerald Group Publishing Limited,2022
18,A review on sentiment discovery and analysis of educational big‐data,"Han, Zhongmei; Wu, Jiyi; Huang, Changqin; Huang, Qionghao; Zhao, Meihua",John Wiley & Sons Ltd,2020
19,SIMD parallel MCMC sampling with applications for big-data Bayesian analytics,"Mahani, A. S.; Sharabiani, M. T.","Elsevier Science B.V., Amsterdam.",2015
20,Big data analytics—A review of data‐mining models for small and medium enterprises in the transportation sector,"Mohd Selamat, Siti Aishah; Prakoonwit, Simant; Sahandi, Reza; Khan, Wajid; Ramachandran, Manoharan",John Wiley & Sons Ltd,2018
21,"Big, Bigger, Biggest: Data repositories balloon to unprecedented levels. Coping with ``Big Data.''",unknown,SOURCE MEDIA INC.,2013
22,Big data analytics—a review of data‐mining models for small and medium enterprises in the transportation sector,"Mohd Selamat, Siti Aishah; Prakoonwit, Simant; Sahandi, Reza; Khan, Wajid; Ramachandran, Manoharan",John Wiley & Sons Ltd,2018
23,Data analysis on big data: improving the map and shuffle phases in Hadoop Map Reduce,"Lakshmi, J.V.N.",Inderscience,2018
24,Transforming big data into smart data: An insight on the use of the k‐nearest neighbors algorithm to obtain quality data,"Triguero, Isaac; García‐Gil, Diego; Maillo, Jesús; Luengo, Julián; García, Salvador; Herrera, Francisco",John Wiley & Sons Ltd,2019
25,"Semantics Meets Big Data: Formal Models, Practical Issues, Novel Paradigms","Cuzzocrea, A.",Springer,2016
26,Forecasting with Big Data: A Review,"Hassani, H.; Silva, E. S.",Springer Science + Business Media,2015
27,Quantile regression in big data: A divide and conquer based strategy,"Chen, Lanjue; Zhou, Yong","Elsevier Science B.V., Amsterdam.",2020
28,How organisations leverage Big Data: a maturity model,"Comuzzi, Marco; Patel, Anit",Emerald Group Publishing Limited,2016
29,Visualization and statistical modeling of financial big data: double-log modeling with skew-symmetric error distributions,"Jimichi, Masayuki; Miyamoto, Daisuke; Saka, Chika; Nagata, Shuichi",Springer Nature,2018
30,Big Data technologies to process spatial and attribute data when designing and operating mine-engineering systems,"Stepanov, Yuri A.; Stepanov, Alexander V.",Taylor & Francis,2019
31,Data Mining with Big Data,"Xindong, W.; Xingquan, Z.; Gong-Qing, W.; Wei, D.",IEEE INSTITUTE OF ELECTRICAL AND ELECTRONICS,2014
32,Big Data Challenges in Big Science,"Heiss, Andreas",Springer Nature,2019
33,Big Data doesn't always yield big benefits,unknown,SOURCE MEDIA INC.,2015
34,Data discretization: taxonomy and big data challenge,"Ramírez‐Gallego, Sergio; García, Salvador; Mouriño‐Talín, Héctor; Martínez‐Rego, David; Bolón‐Canedo, Verónica; Alonso‐Betanzos, Amparo; Benítez, José Manuel; Herrera, Francisco",John Wiley & Sons Ltd,2016
35,"Big data, big results: Knowledge discovery in output from large?scale analytics","McCormick, T.H.; Ferrell, R.; Karr, A.F.; Ryan, P.B.","John Wiley & Sons, Ltd",2014
36,From big data to big analysis: a perspective of geographical conditions monitoring,"Zhai, Liang; Zhang, Na; Hou, Wei; Feng, Zhixian; Qiao, Qinghua; Luo, Minghai",Taylor & Francis,2018
37,Spatial Data Mining: A Perspective of Big Data,Shuliang Wang; Hanning Yuan,Idea Group Pub,2014
38,Automated Data Slicing for Model Validation: A Big Data - AI Integration Approach,"Chung, Yeounoh; Kraska, Tim; Polyzotis, Neoklis; Tae, Ki Hyun; Whang, Steven Euijong",IEEE INSTITUTE OF ELECTRICAL AND ELECTRONICS,2020
39,Using data to build a better EM: EM* for big data,"Kurban, H.; Jenne, M.; Dalkilic, M. M.",Springer Science + Business Media,2017
40,A Detailed Review on the Prominent Compression Methods Used for Reducing the Data Volume of Big Data,"Anuradha, D.; Bhuvaneswari, S.",Springer Science + Business Media,2016
41,"Themes in data mining, big data, and crime analytics","Oatley, Giles C.",John Wiley & Sons Ltd,2022
42,An overview of online based platforms for sharing and analyzing electrophysiology data from big data perspective,"Chen, Yang; Wang, Zhong‐yi; Yuan, Gang; Huang, Lan",John Wiley & Sons Ltd,2017
43,A Survey on Data Collection for Machine Learning: A Big Data - AI Integration Perspective,"Roh, Yuji; Heo, Geon; Whang, Steven Euijong",IEEE INSTITUTE OF ELECTRICAL AND ELECTRONICS,2021
44,An overview of online based platforms for sharing and analyzing electrophysiology data from big data perspective,"Chen, Yang; Wang, Zhong‐yi; Yuan, Gang; Huang, Lan",John Wiley & Sons Ltd,2017
45,Divide and recombine (D&R) data science projects for deep analysis of big data and high computational complexity,"Tung, Wen-wen; Barthur, Ashrith; Bowers, Matthew C.; Song, Yuying; Gerth, John; Cleveland, William S.",Springer Nature,2018
46,The Gamma Matrix to Summarize Dense and Sparse Data Sets for Big Data Analytics,"Ordonez, C.; Zhang, Y.; Cabrera, W.",IEEE INSTITUTE OF ELECTRICAL AND ELECTRONICS,2016
47,Haery: A Hadoop Based Query System on Accumulative and High-Dimensional Data Model for Big Data,"Song, Jie; He, Hongyan; Thomas, Richard; Bao, Yubin; Yu, Ge",IEEE INSTITUTE OF ELECTRICAL AND ELECTRONICS,2020
48,Big data analytics – enabled cyber-physical system: model and applications,"Luo, Shuai; Liu, Hongwei; Qi, Ershi",Emerald Group Publishing Limited,2019
49,BIG DATA and fusion,"Zhang, Jixian",Taylor & Francis,2015
50,Chicken swarm foraging algorithm for big data classification using the deep belief network classifier,"R, Sathyaraj; L, Ramanathan; K, Lavanya; V, Balasubramanian; J, Saira Banu",Emerald Publishing,2020
51,Big data analytics with swarm intelligence,"Cheng, Shi; Zhang, Qingyu; Qin, Quande",Emerald Group Publishing Limited,2016
52,Big Data Improves Care,unknown,SOURCE MEDIA INC.,2015
53,Special issue: First International Conference on Big Data and Smart Computing (BigComp2014),"Kim, J.; Kwok, J.; Sumiya, K.; Zhang, B. T.","Elsevier Science B.V., Amsterdam.",2016
54,Big data analytics: Machine learning and Bayesian learning perspectives—What is done? What is not?,"Suthaharan, Shan",John Wiley & Sons Ltd,2019
55,Big Data acquired by Internet of Things-enabled industrial multichannel wireless sensors networks for active monitoring and control in the smart grid Industry 4.0,"Faheem, Muhammad; Fizza, Ghulam; Ashraf, Muhammad Waqar; Butt, Rizwan Aslam; Ngadi, Md. Asri; Gungor, Vehbi Cagri","Elsevier Science B.V., Amsterdam",2021
56,"Big data with cloud computing: an insight on the computing environment, mapreduce, and programming frameworks","Fernández, Alberto; del Río, Sara; López, Victoria; Bawakid, Abdullah; del Jesus, María J.; Benítez, José M.; Herrera, Francisco",John Wiley & Sons Ltd,2014
57,Quality Assessment of Peer-Produced Content in Knowledge Repositories Using Big Data and Social Networks: The Case of Implicit Collaboration in Wikipedia,"Velichety, Srikar",ACM SIGMIS,2019
58,Big data analytics for security and criminal investigations,"Pramanik, M.I.; Lau, Raymond Y.K.; Yue, Wei T.; Ye, Yunming; Li, Chunping",John Wiley & Sons Ltd,2017
59,Big Data Paradigm: What is the Status of Privacy and Security?,"Strang, K. D.; Sun, Z.",Springer Science + Business Media,2017
60,Big data processing tools: An experimental performance evaluation,"Rodrigues, Mário; Santos, Maribel Yasmina; Bernardino, Jorge",John Wiley & Sons Ltd,2019
61,Entity deduplication in big data graphs for scholarly communication,"Manghi, Paolo; Atzori, Claudio; De Bonis, Michele; Bardi, Alessia",Emerald Publishing,2020
62,An analysis of academic librarians competencies and skills for implementation of Big Data analytics in libraries,"Ahmad, Khurshid; JianMing, Zheng; Rafi, Muhammad",Emerald Publishing,2019
63,Applying big data analytics to support Kansei engineering for hotel service development,"Chen, Mu-Chen; Hsiao, Yu-Hsiang; Chang, Kuo-Chien; Lin, Ming-Ke",Emerald Publishing,2019
64,Big data analytics in single‐cell transcriptomics: Five grand opportunities,"Bhattacharya, Namrata; Nelson, Colleen C.; Ahuja, Gaurav; Sengupta, Debarka",John Wiley & Sons Ltd,2021
65,"Big Data, the Internet of Things, and the Revised Knowledge Pyramid","Jennex,  Murray E.",ACM SIGMIS,2017
66,Big data analytics for security and criminal investigations,"Pramanik, M.I.; Lau, Raymond Y.K.; Yue, Wei T.; Ye, Yunming; Li, Chunping",John Wiley & Sons Ltd,2017
67,Big Data in Portfolio Allocation: A New Approach to Successful Portfolio Optimization,Irene Aldridge,Pageant Media Ltd,2019
68,Big data analytics on Apache Spark,"Salloum, S.; Dautov, R.; Chen, X.; Peng, P. X.; Huang, J. Z.",Springer Science + Business Media,2016
69,Tensor-Based Big Data Management Scheme for Dimensionality Reduction Problem in Smart Grid Systems: SDN Perspective,"Kaur, D.; Aujla, G. S.; Kumar, N.; Zomaya, A. Y.; Perera, C.; Ranjan, R.",IEEE INSTITUTE OF ELECTRICAL AND ELECTRONICS,2018
70,Practical Big Data,unknown,SOURCE MEDIA INC.,2014
71,Managing big data in coal-fired power plants: a business intelligence framework,"Chongwatpol, Jongsawas",Emerald Group Publishing Limited,2016
72,Analytics Partners Allina Health teams up with Health Catalyst to garner the benefits of big data,unknown,SOURCE MEDIA INC.,2016
73,In-Memory Big Data Management and Processing: A Survey,"Hao, Z.; Gang, C.; Beng, C. O.; Kian-Lee, T.; Meihui, Z.",IEEE INSTITUTE OF ELECTRICAL AND ELECTRONICS,2015
74,Exploring Big Data Analysis: Fundamental Scientific Problems,"Xu, Z.; Shi, Y.",Springer Science + Business Media,2015
75,"Michael Buck talks about living his dream of being a bioinformaticist, and the emerging alternatives to big data warehouses",unknown,SOURCE MEDIA INC.,2012
76,Semantics-Aware Approaches to Big Data Engineering,"Cuzzocrea, A.; Sellis, T.",Springer,2017
77,MongoDB-Based Modular Ontology Building for Big Data Integration,"Abbes, H.; Gargouri, F.",Springer,2018
78,Fuzzy rule based classification systems for big data with MapReduce: granularity analysis,"Fernández, A.; Río, S.; Bawakid, A.; Herrera, F.",Springer Science + Business Media,2017
79,How China Deals with Big Data,"Shi, Y.; Shan, Z.; Li, J.; Fang, Y.",Springer Science + Business Media,2017
80,Flexible Heavy Tailed Distributions for Big Data,"Zhang, Y.; Nadarajah, S.",Springer Science + Business Media,2017
81,Smart city big data analytics: An advanced review,"Soomro, Kamran; Bhutta, Muhammad Nasir Mumtaz; Khan, Zaheer; Tahir, Muhammad A.",John Wiley & Sons Ltd,2019
82,Cell phone big data to compute mobility scenarios for future smart cities,"Tosi, D.",Springer Science + Business Media,2017
83,Online updating method to correct for measurement error in big data streams,"Lee, JooChul; Wang, HaiYing; Schifano, Elizabeth D.","Elsevier Science B.V., Amsterdam.",2020
84,A Holistic View of Big Data,Won Kim; Ok-Ran Jeong; Chulyun Kim,Idea Group Pub,2014
85,Efficient Skyline Computation on Big Data,"Xixian, H.; Jianzhong, L.; Donghua, Y.; Jinbao, W.",IEEE INSTITUTE OF ELECTRICAL AND ELECTRONICS,2013
86,Analysing repeat blood donation behavior via big data,"Chen, Xu; Liu, Lei; Guo, Xinyu",Emerald Group Publishing Limited,2020
87,Comparing world regional sustainable supply chain finance using big data analytics: a bibliometric analysis,"Tseng, Ming-Lang; Bui, Tat-Dat; Lim, Ming K.; Tsai, Feng Ming; Tan, Raymond R.",Emerald Group Publishing Limited,2021
88,Unlocking causal relations of barriers to big data analytics in manufacturing firms,"Raut, Rakesh; Narwane, Vaibhav; Kumar Mangla, Sachin; Yadav, Vinay Surendra; Narkhede, Balkrishna Eknath; Luthra, Sunil",Emerald Group Publishing Limited,2021
89,Telecom fraud detection with big data analytics,"Terzi, Duygu Sinanç; Sağıroğlu, Şeref; Kılınç, Hakan",Inderscience,2022
90,An intelligent approach to Big Data analytics for sustainable retail environment using Apriori-MapReduce framework,"Verma, Neha; Singh, Jatinder",Emerald Group Publishing Limited,2017
91,Application of hyper-convergent platform for big data in exploring regional innovation systems,"Finogeev, Alexey G.; Gamidullaeva, Leyla A.; Vasin, Sergey M.",Inderscience,2020
92,Scalable machine‐learning algorithms for big data analytics: a comprehensive review,"Gupta, Preeti; Sharma, Arun; Jindal, Rajni",John Wiley & Sons Ltd,2016
93,Incremental Query Processing on Big Data Streams,"Fegaras, L.",IEEE INSTITUTE OF ELECTRICAL AND ELECTRONICS,2016
94,Modeling and Evaluating the Effects of Big Data Storage Resource Allocation in Global Scale Cloud Architectures,Enrico Barbierato; Marco Gribaudo; Mauro Iacono,Idea Group Pub,2016
95,An insight into application of big data analytics in healthcare,"Nalluri, Sravani; Sasikala, R.",Inderscience,2020
96,Predicting the ratings of Amazon products using Big Data,"Woo, Jongwook; Mishra, Monika",John Wiley & Sons Ltd,2021
97,Supervised compression of big data,"Joseph, V. Roshan; Mak, Simon","John Wiley & Sons, Ltd",2021
98,Advancing science and technology with big data analytics,"Li, Jia","John Wiley & Sons, Ltd",2018
99,Distributed subdata selection for big data via sampling-based approach,"Zhang, Haixiang; Wang, HaiYing","Elsevier Science B.V., Amsterdam.",2021
100,Detection of stragglers and optimal rescheduling of slow running tasks in big data environment using LFCSO-LVQ classifier and enhanced PSO algorithm,"Joshiara, Hetal A.; Thaker, Chirag S.; Shah, Sanjay M.; Choksi, Darshan B.",Inderscience,2022
1,MR plot: A big data tool for distinguishing distributions,"Ardakani, Omid M.; Asadi, Majid; Ebrahimi, Nader; Soofi, Ehsan S.","John Wiley & Sons, Ltd",2020
2,A Framework for Evaluating Design Methodologies for Big Data Warehouses: Measurement of the Design Process,Francesco Di Tria; Ezio Lefons; Filippo Tangorra,Idea Group Pub,2018
3,Bayesian consensus clustering with LIME for security in big data,"Balamurugan, S.; Thangaraj, M.",Inderscience,2021
4,Stakeholder Perceptions and Word-of-Mouth on CSR Dynamics: A Big Data Analysis from Twitter,Andrée Marie López-Fernández; Zamira Burgos Silva,"Idea Group Pub.,",2018
5,Exploring the paths to big data analytics implementation success in banking and financial service: an integrated approach,"Hajiheydari, Nastaran; Delgosha, Mohammad Soltani; Wang, Yichuan; Olya, Hossein",Emerald Group Publishing Limited,2021
6,A watchdog approach - name-matching algorithm for big data risk intelligence,"Kirubakaran, Anusuya; Aramudhan, M.",Inderscience,2018
7,Barriers of embedding big data solutions in smart factories: insights from SAP consultants,"Li, Shuyang; Peng, Guo Chao; Xing, Fei",Emerald Group Publishing Limited,2019
8,Responding to market turbulence by big data analytics and mass customization capability,"Sheng, Hongyan; Feng, Taiwen; Chen, Lucheng; Chu, Dianhui",Emerald Group Publishing Limited,2021
9,A Novel Pipeline Approach for Efficient Big Data Broadcasting,"Wu, C.; Ku, C.; Ho, J.; Chen, M.",IEEE INSTITUTE OF ELECTRICAL AND ELECTRONICS,2016
10,An uncertainty measure and fusion rule for conflict evidences of big data via Dempster–Shafer theory,"Dutta, Palash",Taylor & Francis,2018
11,"A Survey on Spark Ecosystem: Big Data Processing Infrastructure, Machine Learning, and Applications","Tang, Shanjiang; He, Bingsheng; Yu, Ce; Li, Yusen; Li, Kun",IEEE INSTITUTE OF ELECTRICAL AND ELECTRONICS,2021
12,A Multi-Step Nonlinear Dimension-Reduction Approach with Applications to Big Data,unknown,IEEE INSTITUTE OF ELECTRICAL AND ELECTRONICS,2019
13,K Nearest Neighbour Joins for Big Data on MapReduce: A Theoretical and Experimental Analysis,"Song, G.; Rochas, J.; Beze, L. E.; Huet, F.; Magoules, F.",IEEE INSTITUTE OF ELECTRICAL AND ELECTRONICS,2016
14,Distributed Bayesian Matrix Decomposition for Big Data Mining and Clustering,"Zhang, Chihao; Yang, Yang; Zhou, Wei; Zhang, Shihua",IEEE INSTITUTE OF ELECTRICAL AND ELECTRONICS,2020
15,VA-Store: A Virtual Approximate Store Approach to Supporting Repetitive Big Data in Genome Sequence Analyses,unknown,IEEE INSTITUTE OF ELECTRICAL AND ELECTRONICS,2020
16,Web Media and Stock Markets : A Survey and Future Directions from a Big Data Perspective,"Li, Q.; Chen, Y.; Wang, J.; Chen, Y.; Chen, H.",IEEE INSTITUTE OF ELECTRICAL AND ELECTRONICS,2018
17,A Privacy-Preserving Distributed Contextual Federated Online Learning Framework with Big Data Support in Social Recommender Systems,"Zhou, Pan; Wang, Kehao; Guo, Linke; Gong, Shimin; Zheng, Bolong",IEEE INSTITUTE OF ELECTRICAL AND ELECTRONICS,2021
18,Bias Correction in a Small Sample from Big Data,"Jianguo, L.; Dingding, L.",IEEE INSTITUTE OF ELECTRICAL AND ELECTRONICS,2013
19,A Semi-Automatic Design Methodology for (Big) Data Warehouse Transforming Facts into Dimensions,"Sautot, Lucile; Bimonte, Sandro; Journaux, Ludovic",IEEE INSTITUTE OF ELECTRICAL AND ELECTRONICS,2020
20,i$^2$ MapReduce: Incremental MapReduce for Mining Evolving Big Data,"Yanfeng, Z.; Shimin, C.; Qiang, W.; Ge, Y.",IEEE INSTITUTE OF ELECTRICAL AND ELECTRONICS,2015
21,Security and Privacy Implications on Database Systems in Big Data Era: A Survey,"Samaraweera, G. Dumindu; Chang, J. Morris",IEEE INSTITUTE OF ELECTRICAL AND ELECTRONICS,2020
22,Enhanced Graph Transforming V2 Algorithm for Non-Simple Graph in Big Data Pre-Processing,"Sutedi, Sutedi",IEEE INSTITUTE OF ELECTRICAL AND ELECTRONICS,2019
23,Bit-Oriented Sampling for Aggregation on Big Data,"Hu, Huan; Li, Jianzhong",IEEE INSTITUTE OF ELECTRICAL AND ELECTRONICS,2021
24,T-PCCE: Twitter Personality based Communicative Communities Extraction System for Big Data,"Kafeza, Eleanna; Kanavos, Andreas; Makris, Christos; Pispirigos, Georgios; Vikatos, Pantelis",IEEE INSTITUTE OF ELECTRICAL AND ELECTRONICS,2020
25,On the Feasibility of Distributed Kernel Regression for Big Data,"Xu, Chen; Zhang, Yongquan; Li, Runze; Wu, Xindong",IEEE INSTITUTE OF ELECTRICAL AND ELECTRONICS,2016
26,Mining Suspicious Tax Evasion Groups in Big Data,"Tian, F.; Lan, T.; Chao, K.; Godwin, N.; Zheng, Q.; Shah, N.; Zhang, F.",IEEE INSTITUTE OF ELECTRICAL AND ELECTRONICS,2016
27,"Towards Big Linked Data: A Large-Scale, Distributed Semantic Data Storage",Bo Hu; Nuno Carvalho; Takahide Matsutsuka,Idea Group Pub,2013
28,A Data-Driven Sequential Localization Framework for Big Telco Data,"Zhu, Fangzhou; Yuan, Mingxuan; Xie, Xike; Wang, Ting; Zhao, Shenglin; Rao, Weixiong; Zeng, Jia",IEEE INSTITUTE OF ELECTRICAL AND ELECTRONICS,2021
29,Effective and efficient distributed management of big clinical data: a framework,"Cuzzocrea, Alfredo; Grasso, Giorgio Mario; Nolich, Massimiliano",Inderscience,2019
30,A Scalable Data Chunk Similarity Based Compression Approach for Efficient Big Sensing Data Processing on Cloud,"Yang, C.; Chen, J.",IEEE INSTITUTE OF ELECTRICAL AND ELECTRONICS,2017
31,A Scalable Multi-Data Sources Based Recursive Approximation Approach for Fast Error Recovery in Big Sensing Data on Cloud,"Yang, Chi; Xu, Xianghua; Ramamohanarao, Kotagiri; Chen, Jinjun",IEEE INSTITUTE OF ELECTRICAL AND ELECTRONICS,2020
32,Extracting Kernel Dataset from Big Sensory Data in Wireless Sensor Networks,"Cheng,  Siyao; Cai,  Zhipeng; Li,  Jianzhong; Gao,  Hong",IEEE INSTITUTE OF ELECTRICAL AND ELECTRONICS,2017
33,Skia: Scalable and Efficient In-Memory Analytics for Big Spatial-Textual Data,"Xu, Yang; Yao, Bin; Wang, Zhi-Jie; Gao, Xiaofeng; Xie, Jiong; Guo, Minyi",IEEE INSTITUTE OF ELECTRICAL AND ELECTRONICS,2020
34,Scalable Algorithms for Nearest-Neighbor Joins on Big Trajectory Data,"Fang,  Yixiang; Cheng,  Reynold; Tang,  Wenbin; Maniu,  Silviu; Yang,  Xuan",IEEE INSTITUTE OF ELECTRICAL AND ELECTRONICS,2016
35,Parallel Fractional Hot-Deck Imputation and Variance Estimation for Big Incomplete Data Curing,"Yang, Yicheng; Kim, Jae Kwang; Cho, In Ho",IEEE INSTITUTE OF ELECTRICAL AND ELECTRONICS,2020
36,Efficient and Distributed Generalized Canonical Correlation Analysis for Big Multiview Data,unknown,IEEE INSTITUTE OF ELECTRICAL AND ELECTRONICS,2019
37,Incremental Factorization of Big Time Series Data with Blind Factor Approximation,"Chen, Dan; Tang, Yunbo; Zhang, Hao; Wang, Lizhe; Li, Xiaoli",IEEE INSTITUTE OF ELECTRICAL AND ELECTRONICS,2021
38,Vecchia–Laplace approximations of generalized Gaussian processes for big non-Gaussian spatial data,"Zilber, Daniel; Katzfuss, Matthias","Elsevier Science B.V., Amsterdam.",2021
39,Emulated order identification for models of big time series data,"Wu, Brian; Drignei, Dorin","John Wiley & Sons, Ltd",2021
40,Handling Big Dimensions in Distrubted Data Warehouses using the DWS Technique,"Costa, M.; Madeira, H.","ACM,",2004
41,Data access as a big competitive advantage: evidence from China's car-hailing platforms,"Huang, Lei; Zhao, Yandong; He, Guangxi; Lu, Yangxu; Zhang, Juanjuan; Wu, Peiyi",Emerald Publishing,2020
42,EU data privacy laws face big shake-up,"Mullock, J.",Palgrave Macmillan,2012
43,"Archeological Data Recovery at Site 41BS908: A 9,000 Year-old Site in the Chisos Basin, Big Bend National Park","Alex, T. C.",CENTER FOR BIG BEND STUDIES SUL ROS STATE UNIVERSITY,1999
44,Big-data: transformation from heterogeneous data to semantically-enriched simplified data,"Malik, K. R.",Springer Science + Business Media,2016
45,"`Big data' and the analytics course Given student expectations and industry demands, it's time to re-frame content to make analytics course big-data friendly","Bell, P.C.",INSTITUTE FOR OPERATIONS RESEARCH AND THE MANAGEMENT,2014
46,Big Data im Labor der Zukunft Big-Data-Anwendungen im Labor - Chancen & Herausforderungen,unknown,VOGEL VERLAG UND DRUCK KG,2016
47,"Editorial Commentary: ""Mo' Data, Mo' Problems""? ""Big Data"" From National Database Studies in Orthopaedic Research and Concerns Over Generalizability","Saltzman, Bryan M.","Elsevier Science B.V., Amsterdam",2019
48,Working the fields of big data: Using big-data-augmented online ethnography to study candidate–candidate interaction at election time,"Laaksonen, Salla-Maaria; Nelimarkka, Matti; Tuokko, Mari; Marttila, Mari; Kekkonen, Arto; Villi, Mikko",Taylor and Francis,2017
49,"Oracle Sparc Accelerates Big Data Oracle's recent Sparc processors integrate hardware acceleration for database software, big-data analytics, and security. They also enable compression of in-memory databases",unknown,MICRODESIGN RESOURCES,2016
50,32.5 ARE YOU READY FOR BIG DATA? GOVERNANCE IN BIG-DATA RESEARCH,"Scheepers, Floortje E.; Deschamps, Peter",Elsevier,2016
51,32.5 ARE YOU READY FOR BIG DATA? GOVERNANCE IN BIG-DATA RESEARCH,"Scheepers, F. E.; Deschamps, P.",Elsevier,2016
52,Hazy: Making It Easier to Build and Maintain Big-Data Analytics Racing to unleash the full potential of big data with the latest statistical and machine-learning techniques,"Kumar, A.; Niu, F.; Re, C.",ACM ASSOCIATION FOR COMPUTING MACHINERY,2013
53,Big-Data for Satellite Yearly Reports Generation (AIAA 2018-2368),"Hennion, Nicolas",AIAA,2018
54,Big-Data Analytics transformiert die Lebenswissenschaften,"Sbalzarini, Ivo F.",Springer Nature,2019
55,Big-Data Science: Infrastructure Impact,"Monga, Inder; Prabhat,",INDIAN NATIONAL SCIENCE ACADEMY,2018
56,Big-Data-Driven Stem Cell Science and Tissue Engineering: Vision and Unique Opportunities,"Del Sol, Antonio; Thiesen, Hans J.; Imitola, Jaime; Carazo Salas, Rafael E.",ELSEVIER SCIENCE B.V; AMSTERDAM,2017
57,Big-Data Approaches for Bioinformatics Workflows: A Comparative Assessment,"Nunes,  Rickey T. P.; Deshpande,  Santosh L.",Springer,2016
58,Big-Sensing-Data Curation for the Cloud is Coming: A Promise of Scalable Cloud-Data-Center Mitigation for Next-Generation IoT and Wireless Sensor Networks,"Yang, C.; Puthal, D.; Mohanty, S.; Kougianos, E.",IEEE,2017
59,Big-data analysis for carbon emission reduction from cars: Towards walkable green smart community,"Yamagata, Yoshiki; Murakami, Daisuke; Wu, Yihan; Yang, Perry Pei-Ju; Yoshida, Takahiro; Binder, Robert","Elsevier Science B.V., Amsterdam",2019
60,Big-data Feature Screening Using Bregman Divergence,"Cheng, J.; Cheng, Q.; Zargham, M.",United States; CSREA,2011
61,Big-Data Based Online State of Charge Estimation and Energy Consumption Prediction for Electric Vehicles,"Zhang,  Zhiyun; Huang,  Miaohua; Chen,  Yupu; Gao,  Dong",Society of Automotive Engineers,2016
62,BIG-DATA APPROACHES TO PROTEIN STRUCTURE PREDICTION Metagenomics sequence data give protein structure prediction a boost,"Söding,  J.",AMERICAN ASSOCIATION FOR THE ADVANCEMENT OF SCIENCE,2017
63,Big-data clustering with interval type-2 fuzzy uncertainty modeling in gene expression datasets,"Shukla, Amit K.; Muhuri, Pranab K.","Elsevier Science B.V., Amsterdam.",2019
64,Big-Data Method to Advance Public Health Informatics: Smarter Public Health Prevention System (SPHPS),"Jalali,  Arash; Rahden,  Douglas; Heintz,  Joerg; Filla,  Greg; DiNovi,  Jason; Mensah,  Edward",American Medical Informatics Association,2016
65,Big-Data-Geschäftsmodelle — die drei Seiten der Medaille,"Hecker, D.",Springer Science + Business Media,2016
66,Big-data x-ray phase contrast imaging simulation challenges [9594-17],unknown,The Society,2015
67,Big-data-driven operational analysis and decision-making methodology in intelligent workshop,"Zhang,  Jie; Gao,  Liang; Qin,  Wei; Lyu,  Youlong; Li,  Xinyu",EDITORIAL DEPARTMENT OF CIMS,2016
68,Big-Data-Based Power Battery Recycling for New Energy Vehicles: Information Sharing Platform and Intelligent Transportation Optimization,"Yu, Haijun; Dai, Hongliang; Tian, Guangdong; Xie, Yinghao; Wu, Benben; Zhu, Ying; Li, Hongliang; Wu, Han",IEEE,2020
69,Big-Data-Technologien in der Fahrzeugentwicklung,"Abthoff, T.",Springer Science + Business Media,2016
70,Big-data-driven framework for intelligent textile manufacturing,"Zhang,  Jie; Lü,  Youlong; Wang,  Junliang; Wang,  Haichao",THE TEXTILE INDUSTRY PRESS,2017
71,Big-data analytics: a critical review and some future directions,"JovanoviÄ, UroÅ¡; Å timec, AleÅ¡; VladuÅ¡iÄ, Daniel; Papa, Gregor; Å ilc, Jurij",Inderscience,2015
72,Big-Data Science: Infrastructure Impact,"Monga, Inder; Prabhat,",INDIAN NATIONAL SCIENCE ACADEMY,2018
73,Big-data and machine learning to revamp computational toxicology and its use in risk assessment,"Luechtefeld, T.; Rowlands, C.; Hartung, T.",Royal Society of Chemistry,2018
74,Big-data analytics framework for incorporating smallholders in sustainable palm oil production,"Shukla, Manish; Tiwari, Manoj Kumar",Taylor & Francis,2017
75,Big-data-based technical framework of smart factory,"Lyu,  Youlong; Zhang,  Jie",EDITORIAL DEPARTMENT OF CIMS,2016
76,"Big-Data Analysis, Cluster Analysis, and Machine-Learning Approaches","Alonso-Betanzos, Amparo; Bolón-Canedo, Verónica",Kluwer Academic Publishers,2018
77,Big-Data and the Question of Horizontal and Vertical Intelligence: A Discussion on Disaster Management,"Benaben,  Frederick; Montarnal,  Aurelie; Fertier,  Audrey; Truptil,  Sebastien",Springer.,2016
78,Big-Data Mechanisms and Energy-Policy Design,"Pat,  Ankit; Larson,  Kate; Keshav,  Srinivasen",American Association for Artificial Intelligence,2016
79,Big-data business models: A critical literature review and multiperspective research framework,"Wiener, Martin; Saunders, Carol; Marabelli, Marco",Palgrave Macmillan,2020
80,Big-Data-Losungen fur Netzbetreiber Siemens und Teradata vereinbaren globale Zusammenarbeit,unknown,VDI VERLAG GMBH,2013
81,Big-Data-Ansätze in der Psychiatrie: Beispiele aus der Depressionsforschung,"Bzdok, D.; Karrer, T. M.; Habel, U.; Schneider, F.",Springer Nature,2017
82,Big-Data Cloud Services Platform for Growth Enterprises with Adaptive Exception Handling and Parallelized Data Mining,"Wen, Yazhi; Bo, Hu; Wen, Bin",Springer,2017
83,Big-data-driven safety decision-making: A conceptual framework and its influencing factors,"Huang, Lang; Wu, Chao; Wang, Bing; Ouyang, Qiumei","Elsevier Science B.V., Amsterdam.",2018
84,Big-Data Based Real-Time Interactive Growth Management System in Wireless Communications,"Kim, Jonghun; Jang, Heetae; Kim, Jong Tak; Pan, Hee-Jun; Park, Roy C.",Springer Nature,2018
85,"Big-Data - Theoretical, Engineering and Analytics Perspective","Agneeswaran, V.S.",SPRINGER-VERLAG,2012
86,Big-Data Streaming Applications Scheduling with Online Learning and Concept Drift Detection,"Kanoun, Karim; van der Schaar, Mihaela",IEEE Computer Society,2015
87,BIG DATA/BIG COMPUTE TECHNOLOGIES AND THE REALM OF POSSIBILITIES: The Emergence of Real-Time Risk Enterprises in the Capital Markets Industry,MAYIZ HABBAL,Institutional Investor,2014
88,Big-Data and Simulations of Social and Economic Systems-Prospect of Econophysics Study,"Takayasu, H.",JAPAN TECHNICAL INFORMATION SERVICE,2014
89,Big-Data Tensor Recovery for High-Dimensional Uncertainty Quantification of Process Variations,"Zhang, Z.; Weng, T.; Daniel, L.",IEEE,2017
90,Big-Data Validierungsplattform für Methoden zur (teil-) automatisierten Felddatenanalyse,"Kuschmieder, N.; Pasch, F.; Jochem, R.",Verein Deutscher Ingenieure,2019
91,Big-data analysis of phase-formation rules in high-entropy alloys,"Zhao, Wan-li; Miao, Ding-hao; Zhang, Yong; He, Zhan-bing","ELSEVIER SCIENCE B.V., AMSTERDAM",2017
92,Big-data-based edge biomarkers: study on dynamical drug sensitivity and resistance in individuals,"Zeng, T.; Zhang, W.; Yu, X.; Liu, X.; Li, M.; Chen, L.",Oxford University Press,2016
93,Big-Data Applications in the Government Sector,"Kim, G.-H.; Trimi, S.; Chung, J.-H.",ACM ASSOCIATION FOR COMPUTING MACHINERY,2014
94,Big-Data Approach for Three-Dimensional Building Extraction from Aerial Laser Scanning,"Aljumaily,  Harith; Laefer,  Debra F.; Cuadra,  Dolores",ASCE AMERICAN SOCIETY OF CIVIL ENGINEERS,2016
95,Big-data for building energy performance: Lessons from assembling a very large national database of building energy use,Paul A. Mathew; Laurel N. Dunn,ELSEVIER,2015
96,Big-Data Challenge Advances highlight big issues,unknown,BEIJING REVIEW,2014
97,"Big-Data Analytics Drives Parking Policy: Evaluating Adherence to Meter Time Limits in Washington, D.C","Liang,  Xiaomeng; Pérez,  Benito O.; Dey,  Soumya S.; Haney,  Heather; Kim,  Jasmin Y.","Washington, DC; National Academy Press; 1998",2016
98,Big-Data-Anwendungsfälle methodisch erarbeiten,"Franz, T.",Springer Science + Business Media,2015
99,Big-Data Visualization,"Keim, D.; Qu, H.; Ma, K. L.",IEEE INSTITUTE OF ELECTRICAL AND ELECTRONICS,2013
100,Data Transfer Scheduling for Maximizing Throughput of Big-Data Computing in Cloud Systems,"Xie, R.; Jia, X.",IEEE,2018
1,Big-Data Reflection High Energy Electron Diffraction Analysis for Understanding Epitaxial Film Growth Processes,"Vasudevan, R.K.; Tselev, A.; Baddorf, A.P.; Kalinin, S.V.",AMERICAN CHEMICAL SOCIETY,2014
2,Big-Data-Based Intelligent Spectrum Sensing for Heterogeneous Spectrum Communications in 5G,"Liu, Xin; Sun, Qingquan; Lu, Weidang; Wu, Celimuge; Ding, Hua",IEEE,2020
3,"As Big-Data Companies Enter the Classroom, a Pioneer Issues a Warning","BLUMENSTYK, GOLDIE","Chronicle of higher education, etc ",2016
4,Persisting big-data: The NoSQL landscape,"Corbellini, Alejandro; Mateos, Cristian; Zunino, Alejandro; Godoy, Daniela; Schiaffino, Silvia","Elsevier Science B.V., Amsterdam.",2017
5,Mobile big-data-driven rating framework: measuring the relationship between human mobility and app usage behavior,"Qiao, Y.; Zhao, X.; Yang, J.; Liu, J.",IEEE INSTITUTE OF ELECTRICAL AND ELECTRONICS,2016
6,Becoming data-savvy in a big-data world,"Xu, Meng; Rhee, Seung Yon","Elsevier Science B.V., Amsterdam.",2014
7,A big-data driven approach to analyzing and modeling human mobility trend under non-pharmaceutical interventions during COVID-19 pandemic,"Hu, Songhua; Xiong, Chenfeng; Yang, Mofeng; Younes, Hannah; Luo, Weiyu; Zhang, Lei","Elsevier Science B.V., Amsterdam",2021
8,Industrial big-data-driven and CPS-based adaptive production scheduling for smart manufacturing,"Qiao, Fei; Liu, Juan; Ma, Yumin",Taylor & Francis,2021
9,On-Line Big-Data Processing for Visual Analytics with Argus-Panoptes,"Vlantis, Panayiotis I.; Delis, Alex",Springer,2018
10,A big-data method to predict the targets of small molecules and accelerate drug discovery,"Madhukar, N.; Khade, P.; Huang, L.; Gayvert, K.; Paraskevi, G.; Elemento, O.","Elsevier Science B.V., Amsterdam.",2016
11,A big-data model for multi-modal public transportation with application to macroscopic control and optimisation,"Faizrahnemoon, Mahsa; Schlote, Arieh; Maggi, Lorenzo; Crisostomi, Emanuele; Shorten, Robert",Taylor & Francis,2015
12,A big-data analytics method for capturing visitor activities and flows: the case of an island country,"Miah, Shah Jahan; Vu, HuyQuan; Gammack, John",Springer Nature,2019
13,Der Big-Data-Kunde,unknown,VERLAGSGRUPPE HANDELSBLATT,2017
14,Interaktive Big-Data-Analytik in der Motorenentwicklung,"Abthoff, Tobias",FRANCKH KOSMOS VERLAGS GMBH UND CO,2016
15,Social Big-Data driven Tourism Policy-Making Support System,一藤 裕; 曽根原 登,システム制御情報學會,2016
16,"A big-data analysis of political rhetoric relating the developments of the United States, China, and global powers","Carter, Patrick; Wang, Jeffrie; Chau, Davis",Emerald Publishing,2020
17,"Real-world big-data studies in laboratory medicine: Current status, application, and future considerations","Ma, Chaochao; Wang, Xinlu; Wu, Jie; Cheng, Xinqi; Xia, Liangyu; Xue, Fang; Qiu, Ling","Elsevier Science B.V., Amsterdam.",2020
18,BIFM: Big-Data Driven Intelligent Forecasting Model for COVID-19,"Dash, Sujata; Chakraborty, Chinmay; Giri, Sourav Kumar; Pani, Subhendu Kumar; Frnda, Jaroslav",IEEE,2021
19,Distributed Big-Data Optimization via Blockwise Gradient Tracking,"Notarnicola, Ivano; Sun, Ying; Scutari, Gesualdo; Notarstefano, Giuseppe",IEEE INSTITUTE OF ELECTRICAL AND ELECTRONICS,2021
20,"A Big-Data Approach to Understanding the Thematic Landscape of the Field of Business Ethics, 1982–2016","Liu, Ying; Mai, Feng; MacDonald, Chris",Springer Nature,2018
21,Streetlytics: Big-Data for Real Estate Market Analysis,"Thrall,  Grant",unknown,2015
22,A Big-Data-based platform of workers’ behavior: Observations from the field,"Guo, S.Y.; Ding, L.Y.; Luo, H.B.; Jiang, X.Y.","Elsevier Science B.V., Amsterdam.",2016
23,Selbstlernende Big-Data-Analysen für intelligentes Energiemanagement,"Hilt, B.",Springer Science + Business Media,2015
24,A big-data oriented recommendation method based on multi-objective optimization,"Xu, Chonghuan","Elsevier Science B.V., Amsterdam.",2019
25,Social Big-Data-Based Content Dissemination in Internet of Vehicles,"Zhou, Z.; Gao, C.; Xu, C.; Zhang, Y.; Mumtaz, S.; Rodriguez, J.",IEEE,2018
26,A Big-Data Analysis of Disaster Information Dissemination in South Korea,"Hwang, Yongsuk; Jeong, Jaekwan; Jin, Eun-Hyeong; Yu, Hee Ra; Jung, Dawoon",Springer,2018
27,Sears' Big-Data Strategy? Just a Service Call Away,"Wahba, Phil",Time Inc.,2015
28,A Big-Data-based platform of workers' behavior: Observations from the field,"Guo, S.Y.; Ding, L.Y.; Luo, H.B.; Jiang, X.Y.","Elsevier Science B.V., Amsterdam.",2016
29,A Big-Data-Analytics System for Supporting Decision Making Processes in Complex Smart-City Applications,"Cuzzocrea, Alfredo; Nolich, Massimiliano; Ukovich, Walter",Springer,2019
30,A big–data security mechanism based on fully homomorphic encryption using cubic spline curve public key cryptography,"Krishna, Addepalli V. N.",Taylor and Francis,2018
31,Geographic big-data: A new opportunity for geography complexity study,"Cheng, Changxiu; Shi, Peijun; Song, Changqing",SCIENCE PRESS,2018
32,"The big-data jobs outlook is encouraging. | GM plans to hire 3,000 HP employees",unknown,CW COMMUNICATIONS INC.,2012
33,Applying big-data technologies to network architecture,unknown,L M ERICSSON,2012
34,"A Big-Data Perspective on AI: Newton, Merton, and Analytics Intelligence","Wang, F. Y.",COMPUTER SOCIETY,2012
35,A big-data analysis of human-nature relations in newspaper coverage,"Jaung, Wanggi; Carrasco, L. Roman","Elsevier Science B.V., Amsterdam.",2022
36,Using Big-data and Surface Fitting to Improve Aircraft Safety Through the Study of Relationships and Anomalies,"Wooder, Duncan; Purvis, Alan; McWilliam, Richard","Elsevier Science B.V., Amsterdam",2017
37,"Recent Big-Data Struggles Are 'Birthing Pains,' Researchers Say.","PARRY, MARC.","Chronicle of higher education, etc",2014
38,Ecology Big-data approaches lead to an increased understanding of the ecology of animal movement,"Nathan, R.",AMERICAN ASSOCIATION FOR THE ADVANCEMENT OF SCIENCE,2022
39,A Big-Data Approach to Contemporary French Politics,"Sobanet, Andrew; Singh, Lisa",Taylor & Francis,2020
40,"The Big-Data-Driven Intelligent Wireless Network: Architecture, Use Cases, Solutions, and Future Trends","I, C.; Sun, Q.; Liu, Z.; Zhang, S.; Han, S.","Institute of Electrical and Electronics Engineers, Inc.",2017
41,Using Big-data and Surface Fitting to Improve Aircraft Safety Through the Study of Relationships and Anomalies,"Wooder, Duncan; Purvis, Alan; McWilliam, Richard","Elsevier Science B.V., Amsterdam",2017
42,Dynamic Big-Data Broadcast in Fat-Tree Data Center Networks With Mobile IoT Devices,unknown,THE INSTITUTE OF ELECTRICAL AND ELECTRONICS AND ELECTRONICS ENGINEERS,2019
43,"A big-data spatial, temporal and network analysis of bovine tuberculosis between wildlife (badgers) and cattle","Moustakas, A.; Evans, M. R.",Springer Science + Business Media,2017
44,Genomics 3.0: Big-Data in Precision Medicine,"Talukder,  Asoke K.",Springer,2015
45,Traditional vs. big-data fashion trend forecasting: an examination using WGSN and EDITED,Mikayla DuBreuil; Sheng Lu,TAYLOR & FRANCIS GROUP,2020
46,Enlightenment of big-data era on clinical research of TCM and acupuncture,"Zhao,  Tianyi; Chen,  Bo; Pan,  Xingfang",Zhonghua Quanguo Zhongyi Zhenjiu Xuehui,2015
47,A Cloud Big-Data-Driven Dynamics Control Approach for Unmanned Ground Vehicles for Safety Improving,"Jiang, Xu; Ni, Jun; Wu, Jiafeng; Yang, Xu",IEEE Institute of Electrical & Electronics,2022
48,A Tensor-Based Big-Data-Driven Routing Recommendation Approach for Heterogeneous Networks,"Wang, Xiaokang; Yang, Laurence T.; Kuang, Liwei; Liu, Xingang; Zhang, Qingxia; Deen, M. Jamal",IEEE INSTITUTE OF ELECTRICAL AND ELECTRONICS,2019
49,Leveraging The Big-Data Revolution: CMS Is Expanding Capabilities To Spur Health System Transformation,"Brennan, N.; Oelschlaeger, A.; Cox, C.; Tavenner, M.",PROJECT HOPE,2014
50,A Comprehensive Big-Data-Based Monitoring System for Yield Enhancement in Semiconductor Manufacturing,"Nakata, K.; Orihara, R.; Mizuoka, Y.; Takagi, K.",IEEE INSTITUTE OF ELECTRICAL AND ELECTRONICS,2017
51,Distributed Partitioned Big-Data Optimization via Asynchronous Dual Decomposition,unknown,IEEE,2018
52,IBM stellt Big-Data-Services aus Twitter vor,unknown,SPRINGER SCIENCE + BUSINESS MEDIA,2015
53,Four Health Data Networks Illustrate The Potential For A Shared National Multipurpose Big-Data Network,"Curtis, L.H.; Brown, J.; Platt, R.",PROJECT HOPE,2014
54,Lessons for big-data projects,"Birney, E.",Nature Publishing Group,2012
55,Research of Big-Data Mining Visualization Application,"Zhang, C.",Springer Science + Business Media,2014
56,MANDOLA: A Big-Data Processing and Visualization Platform for Monitoring and Detecting Online Hate Speech,"Demetris  Paschalidesaschalides, Dimosthenis  Stephanidistephanidis, Andreas  Andreoundreou, Kalia  Orphanourphanou, + 3","New York, NY  :Association for Computing Machinery, 2001-",2020
57,Optimizing Read-Once Data Flow in Big-Data Applications,"Morad, T. Y.; Shomron, G.; Erez, M.; Kolodny, A.; Weiser, U. C.",IEEE Computer Society,2017
58,"21st-Century Investing Big-data companies are soaring. Despite high prices, it's still possible to cash in","Laughlin, L.S.",TIME INC,2014
59,Editorial: Advanced Big-Data Analysis Methods and Tools for High-Throughput Omics Technologies,"Huang, Tao",Bantham Science Publishers Ltd,2017
60,Proactive manufacturing-a big-data driven emerging manufacturing paradigm,"Yao,  Xifan; Zhou,  Jiajun; Zhang,  Cunjie; Liu,  Min",EDITORIAL DEPARTMENT OF CIMS,2017
61,"After Facebook Fiasco, Big-Data Researchers Rethink Ethics.","VOOSEN, PAUL.","Chronicle of higher education, etc",2015
62,High performance solutions for big-data GWAS,"Peise, E.; Fabregat-Traver, D.; Bientinesi, P.","Elsevier Science B.V., Amsterdam.",2015
63,ConEx: Efficient Exploration of Big-Data System Configurations for Better Performance,"Krishna, Rahul; Tang, Chong; Sullivan, Kevin; Ray, Baishakhi",IEEE INSTITUTE OF ELECTRICAL AND ELECTRONICS,2022
64,Design and Implementation of Big-Data Analysis Application on Spark for Distribution Network Based on Data Interception,"Zhang, Pan; Ding, Lingyun; Jiang, Ning; Ling, Wanshui; Ding, Yi","Elsevier Science B.V., Amsterdam",2018
65,Ari Caroline: This big-data guru mines analytics to help cancer patients [Resources_Careers],"Nordrum, A.",IEEE INSTITUTE OF ELECTRICAL AND ELECTRONICS,2016
66,Smallholders need access to big-data agronomy too,"Mehrabi, Z.; Jimenez, D.; Jarvis, A.",Nature Publishing Group,2018
67,A methodology for real-time data sustainability in smart city: Towards inferencing and analytics for big-data,"Malik, Kaleem Razzaq; Sam, Yacine; Hussain, Majid; Abuarqoub, Abdelrahman",Elsevier Science,2018
68,Semantic interoperability for big-data in heterogeneous IoT infrastructure for healthcare,"Ullah, Farhan; Habib, Muhammad Asif; Farhan, Muhammad; Khalid, Shehzad; Durrani, Mehr Yahya; Jabbar, Sohail",Elsevier Science,2017
69,Israeli firm MedAware offers big-data software that helps detect prescription errors,"Rice,  Sabriya",CRAIN COMMUNICATIONS INC.,2015
70,"Situating Ecology as a Big-Data Science: Current Advances, Challenges, and Solutions","Farley, S. S.; Dawson, A.; Goring, S. J.; Williams, J. W.",BIOSCIENCE SUBSCRIPTION OFFICE,2018
71,An Ultralow-power Memory-based Big-data Computing Platform by Nonvolatile Domain-wall Nanowire Devices,"Wang, Y.; Yu, H.","Red Hook, NY; Curran Associates, Inc.",2013
72,From Buzzterm to Boardroom: Big-Data Analytics Comes into Its Own,"Fusco, Adam",The Association,2017
73,Analysis: Don't do big-data science backwards,"Lindenmayer, D. B.; Likens, G. E.",Nature Publishing Group,2013
74,Bike-Sharing System: A Big-Data Perspective,"Jia,  Zhili; Xie,  Gang; Gao,  Jerry; Yu,  Shui",Springer,2016
75,More accountability for big-data algorithms,unknown,Nature Publishing Group,2016
76,Comparative Evaluation of Big-Data Systems on Scientific Image Analytics Workloads,"Mehta,  Parmita; Dorkenwald,  Sven; Zhao,  Dongfang; Kaftan,  Tomer; Cheung,  Alvin; Balazinska,  Magdalena; Rokem,  Ariel; Connolly,  Andrew; Vanderplas,  Jacob; Alsayyad,  Yusra",VLDB Endowment,2017
77,Brief Announcement: Mending the Big-Data Missing Information,"Daltrophe,  Hadassa; Dolev,  Shlomi; Lotker,  Zvi",Springer,2016
78,Enhancing physical-layer security via big-data-aided hybrid relay selection,"He, H.; Ren, P.; Du, Q.; Sun, L.; Wang, Y.",Springer Science + Business Media,2017
79,Das grosse Datenproblem? Big-Data-Analysen zur strategischen Unternehmensausrichtung,unknown,VOGEL VERLAG UND DRUCK KG,2014
80,Careers: Graduate programs for big-data analysts,unknown,IEEE INSTITUTE OF ELECTRICAL AND ELECTRONICS,2013
81,Pipelined Multi-GPU MapReduce for Big-Data Processing,"Chen, Y.; Qiao, Z.; Davis, S.; Jiang, H.; Li, K.-C.",Springer Science,2013
82,PMU121 APPLICATION OF REAL-WORLD DATA FROM MEDICAL BIG-DATA PLATFORM IN REAL WORLD EVIDENCE GENERATION: A PRACTICE IN POST-MARKETING RESEARCH IN CHINA,"Wang, Y.; Xing, Y.; Wu, Y.; Yuan, N.; Wang, F.; Jiang, B.; Xiong, T.","Elsevier Science B.V., Amsterdam",2020
83,„Noch verlaufen die Big-Data-Analytics-Projekte ganz anders als geplant!“,unknown,UITGEVERIJ DE MUIDERKRING BV,2017
84,JBHI Special Issue of Big-Data for Health,unknown,IEEE INSTITUTE OF ELECTRICAL AND ELECTRONICS,2014
85,COMPUTING Cloud cover The big-data era is putting pressure on storage methods,unknown,Nature Publishing Group,2015
86,Point: Intelligenz contra Big-Data-Chaos,unknown,BIT Verlag Weinbrenner GmbH & Co. KG,2012
87,Performance evaluation of NoSQL big-data applications using multi-formalism models,"Barbierato, E.; Gribaudo, M.; Iacono, M.","Elsevier Science B.V., Amsterdam.",2014
88,Advancing manufacturing systems with big-data analytics: A conceptual framework,"Kozjek, Dominik; Vrabič, Rok; Rihtaršič, Borut; Lavrač, Nada; Butala, Peter",Taylor & Francis,2020
89,"Vermeidern, Verringern, Verbessern Big-Data-Analysen als Alternative zu Tierversuchen",unknown,VOGEL VERLAG UND DRUCK KG,2018
90,Daten und Diabetes: Big-Data-Medizin,"Ickrath, M.",Springer Science + Business Media,2016
91,Selbst ist der Forscher Big-Data-Analysen mit Galaxy,unknown,VOGEL VERLAG UND DRUCK KG,2018
92,High Availability of Big-Geo-Data as a Platform as a Service,"Förster,  Tim; Thum,  Simon; Kuijper,  Arjan",Springer,2016
93,Integrative Biology and Big-Data-Centrism: Mapping out a Bioscience Ethics Perspective with a S.W.O.T. Matrix,"Überall, Martina; Werner-Felmayer, Gabriele",Mary Ann Leibert,2019
94,"Formal Methods, Artificial Intelligence, Big-Data Analytics, and Knowledge Engineering in Medical Care to Reduce Disease Burden and Health Disparities","Ganesh, Sakthi; Talukder, Asoke K.",Springer,2018
95,"„Noch verlaufen die Big-Data-Analytics-Projekte ganz anders als geplant!""",unknown,UITGEVERIJ DE MUIDERKRING BV,2017
96,"Political Depression? A Big-Data, Multimethod Investigation of Americans' Emotional Response to the Trump Presidency","Simchon, Almog; Guntuku, Sharath Chandra; Simhon, Rotem; Ungar, Lyle H.; Hassin, Ran R.; Gilead, Michael",APA AMERICAN PSYCHOLOGICAL ASSOCIATION,2020
97,Framework for Aligning Big-Data Strategy with Organizational Goals,"Lakoju,  Mike; Serrano,  Alan","Curran Associates,.",2017
98,Mobile Edge Computing for Big-Data-Enabled Electric Vehicle Charging,"Cao, Y.; Song, H.; Kaiwartya, O.; Zhou, B.; Zhuang, Y.; Cao, Y.; Zhang, X.",IEEE INSTITUTE OF ELECTRICAL AND ELECTRONICS,2018
99,»The Human Project«: Big-Data-Studie startet in New York,unknown,GOVI VERLAG GMBH,2017
100,New Pattern of Lifecycle Big-Data-Driven Smart Manufacturing Service for Complex Product,"Ren, Shan; Zhang, Yingfeng; Huang, Binbin",unknown,2018
1,Architecting Time-Critical Big-Data Systems,"Basanta-Val, P.; Audsley, N. C.; Wellings, A. J.; Gray, I.; Fernandez-Garcia, N.",unknown,2016
2,Computation migration: a new approach to execute big-data bioinformatics workflows,"Nunes, Rickey T. P.; Deshpande, Santosh L.",Inderscience,2018
3,A trust-based crowdfunding campaign marketing framework: theoretical underpinnings and big-data analytics practice,"Baah-Peprah, Prince; Shneor, Rotem",Inderscience,2021
4,Big Scholarly Data: A Survey,"Xia, F.; Wang, W.; Bekele, T. M.; Liu, H.",unknown,2017
5,Big-BOE: Fusing Spanish Official Gazette with Big Data Technology,"Basanta-Val, P.; Sánchez-Fernández, L.",Mary Ann Leibert,2018
6,Sports Analytics in the Era of Big Data: Moving Toward the Next Frontier,"Assunção, Renato; Pelechrinis, Konstantinos",Mary Ann Leibert,2018
7,Big data: new methods and ideas in geological scientific research,"Qi, Zhang; Xuelong, Liu",John Wiley & Sons Ltd,2019
8,Call for Special Issue Papers: Big Data-Driven Futuristic Fabric System in Societal Digital Transformation,"Chakraborty, Chinmay; Khan, Muhammad Khurram; Ahmad, Ishfaq",Mary Ann Leibert,2022
9,"Mapping essential urban land use categories (EULUC) using geospatial big data: Progress, challenges, and opportunities","Chen, Bin; Xu, Bing; Gong, Peng",John Wiley & Sons Ltd,2021
10,Scalable Data Quality for Big Data: The Pythia Framework for Handling Missing Values,unknown,Mary Ann Leibert,2015
11,"Correction to: Predictive Modeling with Big Data: Is Bigger Really Better? by Junqué de Fortuny E, Martens D, and Provost F. Big Data 2013;1(4):215–226.",unknown,Mary Ann Leibert,2019
12,Data Science and its Relationship to Big Data and Data-Driven Decision Making,unknown,Mary Ann Leibert,2013
13,Sports Analytics in the Era of Big Data: Moving Toward the Next Frontier,"Assunção, Renato; Pelechrinis, Konstantinos",Mary Ann Leibert,2019
14,Multiple Targets Tracking with Big Data-Based Measurement for Extended Binary Phase Shift Keying Transceiver,"Yu, Yao; Zhao, Junhui; Lenan, Wu",Mary Ann Leibert,2019
15,Call for Special Issue Papers: Big Data-Driven Futuristic Fabric System in Societal Digital Transformation,"Chakraborty, Chinmay; Khan, Muhammad Khurram; Ahmad, Ishfaq",Mary Ann Leibert,2021
16,The Role of Teamwork in the Analysis of Big Data: A Study of Visual Analytics and Box Office Prediction,unknown,Mary Ann Leibert,2017
17,Call for Special Issue Papers: Big Data-Driven Futuristic Fabric System in Societal Digital Transformation,"Chakraborty, Chinmay; Khan, Muhammad Khurram; Ahmad, Ishfaq",Mary Ann Leibert,2021
18,"Authors' Response to Gong's, “Comment on Data Science and its Relationship to Big Data and Data-Driven Decision Making”",unknown,Mary Ann Leibert,2014
19,The Structural Consequences of Big Data-Driven Education,unknown,Mary Ann Leibert,2017
20,Diversity in Big Data: A Review,unknown,Mary Ann Leibert,2017
21,"Capturing the value of biosurveillance ""big data"" through natural capital accounting","Castle, David; Hebert, Paul D.N.; Clare, Elizabeth L.; Hogg, Ian D.; Tremblay, Crystal",John Wiley & Sons Ltd,2021
22,"Bring it on, Big Data: Beyond the Hype",unknown,Mary Ann Leibert,2014
23,"Global water cycle and remote sensing big data: overview, challenge, and opportunities","Cui, Yaokui; Chen, Xi; Gao, Jinyu; Yan, Binyan; Tang, Guoqiang; Hong, Yang",John Wiley & Sons Ltd,2018
24,Big Data–Artificial Intelligence Fusion Technology in Education in the Context of the New Crown Epidemic,"Zhao, JunJing; Li, Qi",Mary Ann Leibert,2022
25,Scientific Training in the Era of Big Data: A New Pedagogy for Graduate Education,unknown,Mary Ann Leibert,2017
26,Computational Propaganda and Political Big Data: Moving Toward a More Critical Research Agenda,unknown,Mary Ann Leibert,2017
27,A big data-based RF localisation method for unmanned search and rescue,"Wang, Ju; Liu, Hongzhe; Bao, Hong; Montoya, Cesar Flores; Hinton, James",Inderscience,2018
28,"Guest Editorial: Big Media Data: Understanding, Search, and Mining","Wang, J.; Qi, G.; Sebe, N.; Aggarwal, C. C.",unknown,2016
29,"Guest Editorial: Big Media Data: Understanding, Search, and Mining","Wang, J.; Qi, G.; Sebe, N.; Aggarwal, C.",unknown,2017
30,"Guest Editorial: Big Media Data: Understanding, Search, and Mining (Part 2)","Wang, J.; Qi, G.; Sebe, N.; Aggarwal, C. C.",unknown,2015
31,Privacy models for big data: a survey,"Victor, Nancy; Lopez, Daphne; Abawajy, Jemal H.",Inderscience,2016
32,A new approach for accurate distributed cluster analysis for Big Data: competitive K-Means,"Esteves, Rui Máximo; Hacker, Thomas; Rong, Chunming",Inderscience,2014
33,A new approach for accurate distributed cluster analysis for Big Data: competitive K-Means,"Esteves, Rui Máximo; Hacker, Thomas; Rong, Chunming",Inderscience,2014
34,"Special Issue on Biomedical Big Data: Understanding, Learning and Applications","Zhu, J.; Liu, A.; Chen, M.; Tasdizen, T.; Su, H.",unknown,2017
35,Moth-Flame Optimization-Bat Optimization: Map-Reduce Framework for Big Data Clustering Using the Moth-Flame Bat Optimization and Sparse Fuzzy C-Means,"Ravuri, Vasavi; Vasundra, S.",Mary Ann Leibert,2020
36,The U.S. Army Person-Event Data Environment: A MilitaryÃƒÂ¢Ã¢â€šÂ¬Ã¢â‚¬Å“Civilian Big Data Enterprise,unknown,Mary Ann Leibert,2015
37,Call for Special Issue Papers: Soft Computing Models for Big Data and Internet of Things,"Chilamkurti, Naveen; Paul, Anand; Kumar, Akshi",Mary Ann Leibert,2020
38,Call for Special Issue Papers: Soft Computing Models for Big Data and Internet of Things,"Chilamkurti, Naveen; Paul, Anand; Kumar, Akshi",Mary Ann Leibert,2020
39,Does Medical School Training Relate to Practice? Evidence from Big Data,unknown,Mary Ann Leibert,2015
40,MRS-DP: Improving Performance and Resource Utilization of Big Data Applications with Deadlines and Priorities,"Upadhyay, Utsav; Sikka, Geeta",Mary Ann Leibert,2020
41,Call for Special Issue Papers: Programming Models and Algorithms for Big Data,"Al-Turjman, Fadi; Hamouda, Walaa; Mumtaz, Shahid",Mary Ann Leibert,2020
42,Call for Special Issue Papers: Deep Learning Assisted Big Data Analytics for Biomedical Applications and Digital Healthcare,"Wang, Gai-Ge; Gao, Xiao-Zhi; Pei, Yan",Mary Ann Leibert,2021
43,Big uncertain data of multiple sensors efficient processing with high order multi-hypothesis: an evidence theoretic approach,"Jafari, Hossein; Li, Xiangfang; Qian, Lijun; Aved, Alexander J.; Kroecker, Timothy S.",Inderscience,2018
44,"On the Unstructured Big Data Analytical Methods in Firms: Conceptual Model, Measurement, and Perception","Tarka, Piotr; Jędrych, Elżbieta",Mary Ann Leibert,2020
45,Big Data in Business: A Bibliometric Analysis of Relevant Literature,"Nobanee, Haitham",Mary Ann Leibert,2020
46,Call for Special Issue Papers: Internet of Medical Things in Big Data for Pervasive Medical Care,"Din, Sadia; Aslan, Nauman; Cheung, Simon K.S.; Hasan, Khondker",Mary Ann Leibert,2020
47,Big Data Applications in Guangzhou Restaurants Analysis,"Chang, Victor; Ji, Ziyang; Xu, Qianwen Ariel",Mary Ann Leibert,2021
48,Call for Special Issue Papers: Big Data Analytics for Agricultural Disaster Management,"Balamurugan, S.; Muthu, Bala Anand; Peng, Sheng-Lung; Wahab, Mohd Helmy Abd",Mary Ann Leibert,2020
49,Call for Special Issue Papers: Programming Models and Algorithms for Big Data,"Al-Turjman, Fadi; Hamouda, Walaa; Mumtaz, Shahid",Mary Ann Leibert,2020
50,Call for Special Issue Papers: Multimedia Big Data Analytics for Engineering Education,"Kumar, Priyan Malarvizhi; Pandey, Hari Mohan; Srivastava, Gautam",Mary Ann Leibert,2020
51,Big data analytics capability for digital transformation in the insurance sector,"Moturi, Christopher A.; Okemwa, Vincent O.; Orwa, Daniel O.",Inderscience,2021
52,MonkeyKing: Adaptive Parameter Tuning on Big Data Platforms with Deep Reinforcement Learning,"Du, Haizhou; Han, Ping; Xiang, Qiao; Huang, Sheng",Mary Ann Leibert,2020
53,Call for Papers: Special Issue on Big Data in Robotics,unknown,Mary Ann Leibert,2016
54,Call for Special Issue Papers: Multimedia Big Data Analytics for Engineering Education,"Kumar, Priyan Malarvizhi; Pandey, Hari Mohan; Srivastava, Gautam",Mary Ann Leibert,2020
55,Optimizing Sentinel-2 image selection in a Big Data context,"Kempeneers, P.; Soille, P.",John Wiley & Sons Ltd,2017
56,Remotely sensed big data for the oceans and polar regions,"Li, Xiao-Ming",John Wiley & Sons Ltd,2022
57,Strength in Numbers: Using Big Data to Simplify Sentiment Classification,unknown,Mary Ann Leibert,2017
58,Recent advance in earth observation big data for hydrology,"Chen, Lajiao; Wang, Lizhe",John Wiley & Sons Ltd,2018
59,Call for Special Issue Papers: Big Scientific Data and Machine Learning in Science and Engineering,"Anaraki, Farhad Pourkamali; Hariri-Ardebili, M. Amin; Becker, Stephen; Raissi, Maziar",Mary Ann Leibert,2021
60,Big data (lost) in the cloud,"Di Martino, Beniamino; Aversa, Rocco; Cretella, Giuseppina; Esposito, Antonio; Kołodziej, Joanna",Inderscience,2014
61,Spatial patterns of urban green space and its actual utilization status in China based on big data analysis,"Huang, Yiyi; Lin, Tao; Zhang, Guoqin; Zhu, Yongguan; Zeng, Zhiwei; Ye, Hong",John Wiley & Sons Ltd,2021
62,TV Audience Measurement with Big Data,unknown,Mary Ann Leibert,2014
63,New discrimination diagrams for basalts based on big data research,"Zhang, Qi; Sun, Weidong; Zhao, Yong; Yuan, Fanglin; Jiao, Shoutao; Chen, Wanfeng",John Wiley & Sons Ltd,2019
64,Big Data for Social Good,unknown,Mary Ann Leibert,2015
65,A Message from the Editor-in-Chief of Big Data,unknown,Mary Ann Leibert,2017
66,Research Dilemmas with Behavioral Big Data,unknown,Mary Ann Leibert,2017
67,STGI：a spatio-temporal grid index model for marine big data,"Qu, Tengteng; Wang, Lizhe; Yu, Jian; Yan, Jining; Xu, Guilin; Li, Meng; Cheng, Chengqi; Hou, Kaihua; Chen, Bo",John Wiley & Sons Ltd,2020
68,Call for Papers: Special Issue on Big Data in Robotics,unknown,Mary Ann Leibert,2016
69,Big Data Based Security Analytics for Protecting Virtualized Infrastructures in Cloud Computing,"Win, T. Y.; Tianfield, H.; Mair, Q.",unknown,2018
70,Big data (lost) in the cloud,"Di Martino, Beniamino; Aversa, Rocco; Cretella, Giuseppina; Esposito, Antonio; Kołodziej, Joanna",Inderscience,2014
71,A new big data approach based on geoecological information-modeling system,"Varotsos, Costas A.; Krapivin, Vladimir F.",John Wiley & Sons Ltd,2017
72,Combining Human Computing and Machine Learning to Make Sense of Big (Aerial) Data for Disaster Response,unknown,Mary Ann Leibert,2016
73,Optimal Feature Selection for Big Data Classification: Firefly with Lion-Assisted Model,"Selvi, Ramar Senthamil; Valarmathi, Muniyappan Lakshapalam",Mary Ann Leibert,2020
74,Big Data Literature Search,unknown,Mary Ann Leibert,2014
75,Can Big Data Machines Analyze Stock Market Sentiment?,unknown,Mary Ann Leibert,2014
76,Call for Papers: Special Issue on Computational Propaganda and Political Big Data,unknown,Mary Ann Leibert,2017
77,SecDedoop: Secure Deduplication with Access Control of Big Data in the HDFS/Hadoop Environment,"Ramya, P.; Sundar, C.",Mary Ann Leibert,2020
78,"Big Data, Little Data, and Care Coordination for Medicare Beneficiaries with Medigap Coverage",unknown,Mary Ann Leibert,2015
79,Call for Special Issue Papers: Big Data in Business,"Nobanee, Haitham",Mary Ann Leibert,2020
80,Atmospheric and ecosystem big data providing key contributions in reaching United Nations' Sustainable Development Goals,"Kulmala, Markku; Lintunen, Anna; Ylivinkka, Ilona; Mukkala, Janne; Rantanen, Rosa; Kujansuu, Joni; Petäjä, Tuukka; Lappalainen, Hanna K.",John Wiley & Sons Ltd,2021
81,Big Data on Robotics,unknown,Mary Ann Leibert,2016
82,"Big Data, Efficient Markets, and the End of Daily Fantasy Sports As We Know It?","Urbaczewski, Andrew; Elmore, Ryan",Mary Ann Leibert,2018
83,A Big Data Guide to Understanding Climate Change: The Case for Theory-Guided Data Science,unknown,Mary Ann Leibert,2014
84,Call for Special Issue Papers: Big Data and the Internet-of-Things in Complex Information Systems: Selections from IoTBDS 2022 and COMPLEXIS 2022,"Chang, Victor; Kacsuk, Péter; Wills, Gary; Behringer, Reinhold",Mary Ann Leibert,2022
85,"An Efficient, Ensemble-Based Classification Framework for Big Medical Data","Khan, Firoz; Siva Prasad, Balusupati Veera Venkata; Syed, Salman Ali; Ashraf, Imran; Ramasamy, Lakshmana Kumar",Mary Ann Leibert,2022
86,Furthest-Pair-Based Binary Search Tree for Speeding Big Data Classification Using K-Nearest Neighbors,"Hassanat, A. B. A.",Mary Ann Leibert,2018
87,Call for Special Issue Papers: Big Data Analytics in Industrial Intelligence,"Tsai, Sang-Bing; Wu, Chia-Huei; Qi, Lianyong",Mary Ann Leibert,2022
88,Big Data and the Rise of Machines in Financial Markets,unknown,Mary Ann Leibert,2014
89,Big data drives the development of Earth science,"Guo, Huadong",John Wiley & Sons Ltd,2017
90,Call for Special Issue Papers: Cloud Computing and Big Data for Cognitive IoT,"Verdu, Elena; Nieto, Yuri Vanessa; Saleem, Nasir",Mary Ann Leibert,2022
91,Call for Special Issue Papers: Cloud Computing and Big Data for Cognitive IoT,"Verdu, Elena; Nieto, Yuri Vanessa; Saleem, Nasir",Mary Ann Leibert,2021
92,National Surveys of Population Health: Big Data Analytics for Mobile Health Monitors,unknown,Mary Ann Leibert,2015
93,Data behaviours model for Big Data visual analytics,"Zhang, Jinson; Huang, Mao Lin",Inderscience,2016
94,Big Data in Healthcare: Opportunities and Challenges,unknown,Mary Ann Leibert,2015
95,Common Big Data Challenges and How to Overcome Them,unknown,Mary Ann Leibert,2014
96,Artificial Bee Colony Reinforced Extended Kalman Filter Localization Algorithm in Internet of Things with Big Data Blending Technique for Finding the Accurate Position of Reference Nodes,"Raghav, R. Srinivasa; Thirugnanasambandam, Kalaipriyan; Varadarajan, Vijayakumar; Vairavasundaram, Subramaniyaswamy; Ravi, Logesh",Mary Ann Leibert,2022
97,Why Big Data = Big Deal,unknown,Mary Ann Leibert,2014
98,Big Data 2.0: Cataclysm or Catalyst?,unknown,Mary Ann Leibert,2014
99,Curating Big Data Made Simple: Perspectives from Scientific Communities,unknown,Mary Ann Leibert,2014
100,The Uses of Big Data in Cities,unknown,Mary Ann Leibert,2014
